3,"1Cor12_1-27_LoSpiritoE_DimensioneComunitaria.docx","Lo Spirito e la dimensione comunitaria",1994,"Suore","ESERCIZI ESPIRITUALI SUORE\\Esercizi_Lo_Spirito _anto_nella_nostra_vita","http://NA","1 Cor","12,1-27","Lo Spirito Santo nella nostra vita"
4,"1Cor13_PrimatoDellaCarita.docx","Primato della Carità",2002,"Tutti","altre_lectio","http://NA","1 Cor",13,"N/A"
5,"1Cor6_12-20_DominioDiSeUgualeCastita.docx","Dominio di sé = Castità",2003,"Laici","Frutto_dello _SPirito_laici","http://NA","1 Cor","6,12-20","Frutti dello Spirito Santo"
6,"1Gv4_7-11_Amore.docx","Amore",2003,"Laici","Frutto_dello _SPirito_laici","http://NA","1 Gv","4,7-11","Frutti dello Spirito Santo"
7,"1Pt2_19-25_Pazienza.docx","Pazienza",2003,"Laici","Frutto_dello _SPirito_laici","http://NA","1 Pt","2,19-25","Frutti dello Spirito Santo"
8,"2Ts2_15-16__3_1-5_Fedelta.docx","Fedeltà",2003,"Laici","Frutto_dello _SPirito_laici","http://NA","2 Ts","2,15-16","Frutti dello Spirito Santo"
9,"2Ts2_15-16__3_1-5_Fedelta.docx","Fedeltà",2003,"Laici","Frutto_dello _SPirito_laici","http://NA","2 Ts","3,1-5","Frutti dello Spirito Santo"
10,"Ap21_1-8_DefinitivaDimoraDioConUomini.docx","La definitiva dimora di Dio con gli uomini","N/A","Tutti","Dimorare","http://NA","Ap","21,1-8","Dimorare"
11,"At2_1-13_LoSpiritoSantoAmoreCheRinnovaVivificaDinamizzaCredenti.docx","Lo Spirito Santo: l'Amore che rinnova, vivifica e dinamizza i credenti",1997,"Suore","ESERCIZI ESPIRITUALI SUORE\\LO_SPIRITO_SANTO","http://NA","At","2,1-13","Lo Spirito Santo"
12,"Beatitudini _Conclusione.docx","Conclusione",2001,"Suore","ESERCIZI ESPIRITUALI SUORE\\beatitudini_2001","http://NA","N/A","N/A","Beatitudini"
13,"Beatitudini_Introduzione.docx","Introduzione",2001,"Suore","ESERCIZI ESPIRITUALI SUORE\\beatitudini_2001","http://NA","N/A","N/A","Beatitudini"
14,"BeatitudiniScoprireSensoVitaE_Gioia.docx","Beatitudini: scoprire in profondità il senso della vita e della gioia","N/A","Tutti","Beatitudini","http://NA","N/A","N/A","Beatitudini"
15,"Benedictus_Conclusione.pdf","Conclusione","N/A","Suore","ESERCIZI ESPIRITUALI SUORE\\BENEDICTUS","http://NA","N/A","N/A","Benedictus"
16,"Benedictus_Introduzione.pdf","Introduzione","N/A","Suore","ESERCIZI ESPIRITUALI SUORE\\BENEDICTUS","http://NA","N/A","N/A","Benedictus"
17,"Benedizione_Conclusione.docx","Conclusione",2004,"Suore","ESERCIZI ESPIRITUALI SUORE\\BENEDIZIONE_2004","http://NA","N/A","N/A","Benedizione"
18,"Benedizione_Introduzione.docx","Introduzione",2004,"Suore","ESERCIZI ESPIRITUALI SUORE\\BENEDIZIONE_2004","http://NA","N/A","N/A","Benedizione"
19,"CanticoDeiCantici_Conclusione.docx","Conclusione",1996,"Suore","ESERCIZI ESPIRITUALI SUORE\\Esercizi_1996_ Cantico dei Cantici","http://NA","N/A","N/A","Cantico dei Cantici"
20,"CanticoDeiCantici_Introduzione.docx","Introduzione",1996,"Suore","ESERCIZI ESPIRITUALI SUORE\\Esercizi_1996_ Cantico dei Cantici","http://NA","N/A","N/A","Cantico dei Cantici"
21,"Ct1_12-17_VersoL_Unione.docx","Verso l'unione",1996,"Suore","ESERCIZI ESPIRITUALI SUORE\\Esercizi_1996_ Cantico dei Cantici","http://NA","Ct","1,12-17","Cantico dei Cantici"
22,"Ct1_1-4_SeteD_Amore.docx","Sete d'amore",1996,"Suore","ESERCIZI ESPIRITUALI SUORE\\Esercizi_1996_ Cantico dei Cantici","http://NA","Ct","1,1-4","Cantico dei Cantici"
23,"Ct1_7-8_LaRicercaDelDiletto.docx","La ricerca del diletto",1996,"Suore","ESERCIZI ESPIRITUALI SUORE\\Esercizi_1996_ Cantico dei Cantici","http://NA","Ct","1,7-8","Cantico dei Cantici"
24,"Ct2_15-17_IlMioDilettoE_PerMeE_IoPerLui.docx","Il mio diletto è per me, e io per lui",1996,"Suore","ESERCIZI ESPIRITUALI SUORE\\Esercizi_1996_ Cantico dei Cantici","http://NA","Ct","2,15-17","Cantico dei Cantici"
25,"Ct2_1-7_NellaCellaVinaria.docx","Nella cella vinaria",1996,"Suore","ESERCIZI ESPIRITUALI SUORE\\Esercizi_1996_ Cantico dei Cantici","http://NA","Ct","2,1-7","Cantico dei Cantici"
26,"Ct2_8-14_PrimaveraStagioneDellaSperanza.docx","Primavera: stagione della speranza",1996,"Suore","ESERCIZI ESPIRITUALI SUORE\\Esercizi_1996_ Cantico dei Cantici","http://NA","Ct","2,8-14","Cantico dei Cantici"
27,"Ct3_1-5_CercareLoSposoNellaNotte.docx","Cercare lo sposo nella notte",1996,"Suore","ESERCIZI ESPIRITUALI SUORE\\Esercizi_1996_ Cantico dei Cantici","http://NA","Ct","3,1-5","Cantico dei Cantici"
28,"Ct4_7-12_L_AmataCreaturaAmmirabilePerUnoSposoAmore.docx","L'amata: creatura ammirabile per uno Sposo-Amore",1996,"Suore","ESERCIZI ESPIRITUALI SUORE\\Esercizi_1996_ Cantico dei Cantici","http://NA","Ct","4,7-12","Cantico dei Cantici"
29,"Ct5_1-8_AprimiSorellaMiaSposa.docx","Aprimi, sorella mia sposa",1996,"Suore","ESERCIZI ESPIRITUALI SUORE\\Esercizi_1996_ Cantico dei Cantici","http://NA","Ct","5,1-8","Cantico dei Cantici"
30,"Ct8_3-7_ForteComeLaMorteE_L_Amore.docx","Forte come la morte è l'amore",1996,"Suore","ESERCIZI ESPIRITUALI SUORE\\Esercizi_1996_ Cantico dei Cantici","http://NA","Ct","8,3-7","Cantico dei Cantici"
31,"Ef2_1-10__Lc12_13-21_29maSettimanaCicloA_Lunedì.docx","Lunedì",2001,"Tutti","altre_lectio\\29°SettimanaTempoOrdinario","http://NA","Lc","12,13-21","29° Settimana ciclo A"
32,"Ef2_1-10__Lc12_13-21_29maSettimanaCicloA_Lunedì.docx","Lunedì",2001,"Tutti","altre_lectio\\29°SettimanaTempoOrdinario","http://NA","Ef","2,1-10","29° Settimana ciclo A"
33,"Ef4_20-32__5,8-10_BenevolenzaBonta.docx","Benevolenza e bontà",2003,"Laici","Frutto_dello _SPirito_laici","http://NA","Ef","4,20-32","Frutti dello Spirito Santo"
34,"Ef4_20-32__5,8-10_BenevolenzaBonta.docx","Benevolenza e bontà",2003,"Laici","Frutto_dello _SPirito_laici","http://NA","Ef","5,8-10","Frutti dello Spirito Santo"
35,"Es14_10-31_MoseIlDioFedeleApreCamminiDiLiberazione.docx","Mosè - Il Dio fedele apre cammini di liberazione",2000,"Suore","ESERCIZI ESPIRITUALI SUORE\\Il_Dio_Fedele_2006","http://NA","Es","14,10-31","Il Dio fedele"
36,"Es40_16-21__40_34-38_DimoraDiDioConPopoloItineranteDeserto.docx","La dimora di Dio con un popolo itinerante nel deserto","N/A","Tutti","Dimorare","http://NA","Es","40,16-21","Dimorare"
37,"Es40_16-21__40_34-38_DimoraDiDioConPopoloItineranteDeserto.docx","La dimora di Dio con un popolo itinerante nel deserto","N/A","Tutti","Dimorare","http://NA","Es","40,34-38","Dimorare"
38,"Fil4_4-9_Pace.docx","Pace",2003,"Laici","Frutto_dello _SPirito_laici","http://NA","Fil","4,4-9","Frutti dello Spirito Santo"
39,"Ga5_1__5_13-26__6_1-2_SpiritoE_Liberta.docx","Lo Spirito e la libertà",1994,"Suore","ESERCIZI ESPIRITUALI SUORE\\Esercizi_Lo_Spirito _anto_nella_nostra_vita","http://NA","Gal","5,1","Lo Spirito Santo nella nostra vita"
40,"Ga5_1__5_13-26__6_1-2_SpiritoE_Liberta.docx","Lo Spirito e la libertà",1994,"Suore","ESERCIZI ESPIRITUALI SUORE\\Esercizi_Lo_Spirito _anto_nella_nostra_vita","http://NA","Gal","5,13-26","Lo Spirito Santo nella nostra vita"
41,"Ga5_1__5_13-26__6_1-2_SpiritoE_Liberta.docx","Lo Spirito e la libertà",1994,"Suore","ESERCIZI ESPIRITUALI SUORE\\Esercizi_Lo_Spirito _anto_nella_nostra_vita","http://NA","Gal","6,1-2","Lo Spirito Santo nella nostra vita"
42,"Gal5_13-26_CarneE_Spirito.docx","Carne e Spirito",1997,"Suore","ESERCIZI ESPIRITUALI SUORE\\LO_SPIRITO_SANTO","http://NA","Gal","5,13-26","Lo Spirito Santo"
43,"Gc1_16-27__3_13-18_Mitezza.docx","Mitezza",2003,"Laici","Frutto_dello _SPirito_laici","http://NA","Gc","1,16-27","Frutti dello Spirito Santo"
44,"Gc1_16-27__3_13-18_Mitezza.docx","Mitezza",2003,"Laici","Frutto_dello _SPirito_laici","http://NA","Gc","3,13-18","Frutti dello Spirito Santo"
45,"Gen1_26-28__1_31_InPrincipioLaBenedizione.docx","In principio la Benedizione",2004,"Suore","ESERCIZI ESPIRITUALI SUORE\\BENEDIZIONE_2004","http://NA","Gn","1,31","Benedizione"
46,"Gen1_26-28__1_31_InPrincipioLaBenedizione.docx","In principio la Benedizione",2004,"Suore","ESERCIZI ESPIRITUALI SUORE\\BENEDIZIONE_2004","http://NA","Gn","1,26-28","Benedizione"
47,"Gen14_17-23_LaBenedizioneDiMelchisedek.docx","La benedizione di Melchisedek",2004,"Suore","ESERCIZI ESPIRITUALI SUORE\\BENEDIZIONE_2004","http://NA","Gn","14,17-23","Benedizione"
48,"Gen18_1-15_AbramoIlDioFedeleE_UnDioCheFaAlleanzaMiVisitaPromettendoIlCristoMiaSalvezza.docx","Abramo - Il Dio fedele che è un Dio che fa allenza, mi visita, promettendo il Cristo che mia salvezza",2000,"Suore","ESERCIZI ESPIRITUALI SUORE\\Il_Dio_Fedele_2004","http://NA","Gn","18,1-15","Il Dio fedele"
49,"Gen18_22-33_LaPreghieraD_Intercessione.docx","La preghiera d'intercessione",2002,"Suore","ESERCIZI ESPIRITUALI SUORE\\Pregare_per_vivere_2002","http://NA","Gn","18,22-33","Pregare per vivere"
50,"Gen32_25-33_GiacobbeIlDioFedeleProvocaUnaLottaCheSiRisolveInBenedizione.docx","Giacobbe - Il Dio fedele provoca a una lotta che si risolve in benedizione",2000,"Suore","ESERCIZI ESPIRITUALI SUORE\\Il_Dio_Fedele_2005","http://NA","Gn","32,25-33","Il Dio fedele"
51,"Gen45_1-15_GiuseppeIlDioFedeleFaPercepireCheTuttoRientraInUnPianoDiSalvezza.docx","Giuseppe - Il Dio  fedele fa percepire che tutto rientra in un piano di SALVEZZA",2000,"Suore","ESERCIZI ESPIRITUALI SUORE\\Il_Dio_Fedele_2006","http://NA","Gn","45,1-15","Il Dio fedele"
52,"Gen8_1-22__9_1__9_5-7_NoeIlDioFedeleRiconciliaA_SeUomoE_TuttoIlCreato.docx","Noe: il Dio fedele riconcilia a Sé l'uomo e tutto il creato",2000,"Suore","ESERCIZI ESPIRITUALI SUORE\\Il_Dio_Fedele_2001","http://NA","Gn","9,1","Il Dio fedele"
53,"Gen8_1-22__9_1__9_5-7_NoeIlDioFedeleRiconciliaA_SeUomoE_TuttoIlCreato.docx","Noe: il Dio fedele riconcilia a Sé l'uomo e tutto il creato",2000,"Suore","ESERCIZI ESPIRITUALI SUORE\\Il_Dio_Fedele_2000","http://NA","Gn","8,1-22","Il Dio fedele"
54,"Gen8_1-22__9_1__9_5-7_NoeIlDioFedeleRiconciliaA_SeUomoE_TuttoIlCreato.docx","Noè - Il Dio fedele riconcilia a Sé l'uomo e tutto il creato",2000,"Suore","ESERCIZI ESPIRITUALI SUORE\\Il_Dio_Fedele_2002","http://NA","Gn","9,5-7","Il Dio fedele"
55,"Gion3_1-10_OltreLaViolenza.docx","Oltre la violenza",1999,"Tutti","lectio 99 -2000","http://NA","Gio","3,1-10","N/A"
56,"Gion4_1-11_NonDovreiAverePieta.docx","Non dovrei avere pietà",1999,"Tutti","lectio 99 -2000","http://NA","Gio","4,1-11","N/A"
57,"Gs24_1-5__24_13-24_GiosueScegliereOggiE_SempreDiSeguireIlDioFedele.docx","Giosuè - Sceglier oggi e sempre di seguire il Dio fedele",2000,"Suore","ESERCIZI ESPIRITUALI SUORE\\Il_Dio_Fedele_2007","http://NA","Gs","24,13-24","Il Dio fedele"
58,"Gs24_1-5__24_13-24_GiosueScegliereOggiE_SempreDiSeguireIlDioFedele.docx","Giosuè - Sceglier oggi e sempre di seguire il Dio fedele",2000,"Suore","ESERCIZI ESPIRITUALI SUORE\\Il_Dio_Fedele_2006","http://NA","Gs","24,1-5","Il Dio fedele"
59,"Gv1_35-39_RimaseroConGesu.docx","Rimasero con Gesù","N/A","Tutti","Dimorare","http://NA","Gv","1,35-39","Dimorare"
60,"Gv1_35-51_GesuAbitaNellaSuaParola.docx","Gesù abita nella sua parola",1997,"Tutti","Dimorare","http://NA","Gv","1,35-51","Dimorare"
61,"Gv11_17-44_PreghieraDiRingraziamento.docx","Preghiera di ringraziamento",2002,"Suore","ESERCIZI ESPIRITUALI SUORE\\Pregare_per_vivere_2002","http://NA","Gv","11,17-44","Pregare per vivere"
62,"Gv13_1-17_DallaServituAlServizio.docx","Dalla servitù al servizio",1999,"Tutti","lectio 99 -2000","http://NA","Gv","13,1-17","N/A"
63,"Gv14_16-17__16_13-15_SpiritoVeritaDiDioDellUomo.docx","Lo Spirito di Verità: Verità di Dio - Verità dell'Uomo",1994,"Suore","ESERCIZI ESPIRITUALI SUORE\\Esercizi_Lo_Spirito _anto_nella_nostra_vita","http://NA","Gv","14,16-17","Lo Spirito Santo nella nostra vita"
64,"Gv14_16-17__16_13-15_SpiritoVeritaDiDioDellUomo.docx","Lo Spirito di Verità: Verità di Dio - Verità dell'Uomo",1994,"Suore","ESERCIZI ESPIRITUALI SUORE\\Esercizi_Lo_Spirito _anto_nella_nostra_vita","http://NA","Gv","16,13-15","Lo Spirito Santo nella nostra vita"
65,"Gv14_22-26_LaGioiaDiSapersiAbitatiDaDio_PrenderemoDimoraPressoDiLui.docx","La gioia di sapersi abitati da Dio - Prenderemo dimora presso di Lui",1996,"Tutti","Lectio\\lECTIO VARIE","http://NA","Gv","14,22-26","N/A"
66,"Gv15_11__16_21-24_Gioia.docx","Gioia",2003,"Laici","Frutto_dello _SPirito_laici","http://NA","Gv","15,11","Frutti dello Spirito Santo"
67,"Gv15_11__16_21-24_Gioia.docx","Gioia",2003,"Laici","Frutto_dello _SPirito_laici","http://NA","Gv","16,21-24","Frutti dello Spirito Santo"
68,"Gv15_1-8_RimanereConGesuTralcioNellaVite.docx","Rimanere con Gesù, come tralcio nella vite","N/A","Tutti","Dimorare","http://NA","Gv","15,1-8","Dimorare"
69,"Gv19_31-37_IconaDelCuoreTrafitto.docx","L'icona del cuore trafitto",1997,"Suore","ESERCIZI ESPIRITUALI SUORE\\Ritorniamo_al_cuore","http://NA","Gv","19,31-37","Ritorniamo al cuore"
70,"Gv20_11-18_PerchePiangiChiCerchi.docx","Perché piangi, chi cerchi?",2008,"Tutti","Lectio 2007-2008 Laici  Gesù Il grande provocartore","http://NA","Gv","20,11-18","Gesù il grande provocatore"
71,"Gv3_1-10_RinascereDalloSpirito.docx","Rinascere dallo Spirito",1994,"Suore","ESERCIZI ESPIRITUALI SUORE\\Esercizi_Lo_Spirito _anto_nella_nostra_vita","http://NA","Gv","3,1-10","Lo Spirito Santo nella nostra vita"
72,"Gv6_41-67_VoleteAndarveneAncheVoi.docx","Volete andarvene anche voi?",2007,"Tutti","Lectio 2007-2008 Laici  Gesù Il grande provocartore","http://NA","Gv","6,41-67","Gesù il grande provocatore"
73,"Gv6_51b-59_DimorareEucaristico.docx","Il dimorare Eucaristico","N/A","Tutti","Dimorare","http://NA","Gv","6,51b-59","Dimorare"
74,"Gv6_67-71_TuHaiParoleDiVitaEterna.docx","Tu hai parole di vita eterna",2007,"Tutti","Lectio 2007-2008 Laici  Gesù Il grande provocartore","http://NA","Gv","6,67-71","Gesù il grande provocatore"
75,"Gv7_37-50_GesuE_LoSpiritoCheDaVita.docx","Gesù e lo Spirito che dà vita",1997,"Suore","ESERCIZI ESPIRITUALI SUORE\\LO_SPIRITO_SANTO","http://NA","Gv","7,37-50","Lo Spirito Santo"
76,"IlDioFedele_Conclusione.docx","Conclusione",2000,"Suore","ESERCIZI ESPIRITUALI SUORE\\Il_Dio_Fedele_2008","http://NA","N/A","N/A","Il Dio fedele"
77,"IlDioFedele_Introduzione.docx","Introduzione",2000,"Suore","ESERCIZI ESPIRITUALI SUORE\\Il_Dio_Fedele_2003","http://NA","N/A","N/A","Il Dio fedele"
78,"Lc1_26-38_Annunciazione.docx","Annunciazione della Madre di Dio - Blagovescenie","N/A","Tutti","Maria","http://NA","Lc","1,26-38","Maria"
79,"Lc1_39-45_MariaLaBenedetta.docx","Maria: la benedetta",2004,"Suore","ESERCIZI ESPIRITUALI SUORE\\BENEDIZIONE_2004","http://NA","Lc","1,39-45","Benedizione"
80,"Lc1_39-56_Magnificat.docx","Il Magnificat","N/A","Tutti","Maria","http://NA","Lc","1,38-56","Maria"
81,"Lc1_67-68_NelloSiritoSantoBenediceE_RedimeDio.pdf","Nello Spirito Santo benedice Dio che ci visita e redime.",1999,"Suore","ESERCIZI ESPIRITUALI SUORE\\BENEDICTUS","http://NA","Lc","1,67-68","Benedictus"
82,"Lc1_69-71_ConoscereChiCiSalvaE_DaCheCosaSiamoSalvati.pdf","Conoscere chi ci salva e da che cosa siamo salvati",1999,"Suore","ESERCIZI ESPIRITUALI SUORE\\BENEDICTUS","http://NA","Lc","1,69-71","Benedictus"
83,"Lc1_72-75_VivereL_AlleanzaOggiPresentiAlPresenteInVitaSantaE_Libera.pdf","Vivere l'alleanza, oggi, presenti al presente in vita santa e libera",1999,"Suore","ESERCIZI ESPIRITUALI SUORE\\BENEDICTUS","http://NA","Lc","1,72-75","Benedictus"
84,"Lc1_76_ComeGiovanniBattistaEssereProfetiDellAltissimoOggi.pdf","Come Giovanni Battista, essere proteti dell'Altissimo, oggi",1999,"Suore","ESERCIZI ESPIRITUALI SUORE\\BENEDICTUS","http://NA","Lc","1,76","Benedictus"
85,"Lc1_77-78A_LeViscereDiMisericordiaE_IlNostroFareMisericordia.pdf","Le viscere di misericordia, e il nostro fare misericordia",1999,"Suore","ESERCIZI ESPIRITUALI SUORE\\BENEDICTUS","http://NA","Lc","1,77-78A","Benedictus"
86,"Lc1_78-79TenebreSoleE_PaceNellaNostraVita.docx","Tenebre, sole e pace nella nostra vita",1999,"Suore","ESERCIZI ESPIRITUALI SUORE\\BENEDICTUS","http://NA","Lc","1,78b-79","Benedictus"
87,"Lc10_21-22_IoTiLodoPadre.docx","Io ti lodo, o Padre","N/A","Tutti","altre_lectio","http://NA","Lc","10,21-22","N/A"
88,"Lc12_34__6_45_IlTesoroDelCuoreE_IlCuoreComeTesoro.docx","Il tesoro del cuore e il cuore come tesoro",1997,"Suore","ESERCIZI ESPIRITUALI SUORE\\Ritorniamo_al_cuore","http://NA","Lc","6,5","Ritorniamo al cuore"
89,"Lc12_34__6_45_IlTesoroDelCuoreE_IlCuoreComeTesoro.docx","Il tesoro del cuore e il cuore come tesoro",1997,"Suore","ESERCIZI ESPIRITUALI SUORE\\Ritorniamo_al_cuore","http://NA","Lc","12,34","Ritorniamo al cuore"
90,"Lc12-32_NonTemerePiccoloGreggePiaciutoPadreDarviRegno.docx","Non temere, piccolo gregge, perché è piaciuto al Padre vostro darvi il suo Regno","N/A","Tutti","altre_lectio","http://NA","Lc","12,32","N/A"
91,"Lc2_19__2_51_ConMariaDimorareMeditareGesu.docx","Con Maria: dimorare e meditare nel cuore l'evento-parola Gesù","N/A","Tutti","Dimorare","http://NA","Lc","2,19","Dimorare"
92,"Lc2_19__2_51_ConMariaDimorareMeditareGesu.docx","Con Maria: dimorare e meditare nel cuore l'evento-parola Gesù","N/A","Tutti","Maria","http://NA","Lc","2,19","Maria"
93,"Lc2_19__2_51_ConMariaDimorareMeditareGesu.docx","Con Maria: dimorare e meditare nel cuore l'evento-parola Gesù","N/A","Tutti","Dimorare","http://NA","Lc","2,51","Dimorare"
94,"Lc2_19__2_51_ConMariaDimorareMeditareGesu.docx","Con Maria: dimorare e meditare nel cuore l'evento-parola Gesù","N/A","Tutti","Maria","http://NA","Lc","2,51","Maria"
95,"Lc2_41-52_PercheMiCercavateNonSapeteDevoEssereNelleCoseDelPadre.docx","Perché mi cercavate? Non sapete che io devo essere nelle cose del Padre mio?",2008,"Tutti","Lectio 2007-2008 Laici  Gesù Il grande provocartore","http://NA","Lc","2,41-52","Gesù il grande provocatore"
96,"Lc23_39-49_GesuOranteDelPadreModelloDiPreghiera.docx","Gesù, l'orante del Padre modello di preghiera",2002,"Suore","ESERCIZI ESPIRITUALI SUORE\\Pregare_per_vivere_2002","http://NA","Lc","23,39-49","Pregare per vivere"
97,"Lc3_11-22_DioUnseSpiritoSantoGesu.docx","Dio unse di Spirito Santo Gesù di Nazareth",1994,"Suore","ESERCIZI ESPIRITUALI SUORE\\Esercizi_Lo_Spirito _anto_nella_nostra_vita","http://NA","Lc","3,11-22","Lo Spirito Santo nella nostra vita"
98,"Lc4_1-13_GesuPrototipoDellUomoSpirituale.docx","Gesù: prototipo dell'uomo spirituale",1997,"Suore","ESERCIZI ESPIRITUALI SUORE\\LO_SPIRITO_SANTO","http://NA","Lc","4,1-13","Lo Spirito Santo"
99,"Lc6_39-42_PercheGuardiPagliuzzaNellOcchioTuoFratelloNonLaTrave.docx","Perché guardi la pagliuzza che è nell'occhio di tuo fratello e non vedi la trave che è nel tuo?",2008,"Laici","Lectio 2007-2008 Laici  Gesù Il grande provocartore","http://NA","Lc","6,39-42","Gesù il grande provocatore"
100,"Mc10_13-16_Semplicita.docx","Semplicità",2003,"Laici","Frutto_dello _SPirito_laici","http://NA","Mc","10,13-16","Frutti dello Spirito Santo"
101,"Mc14_22-24_EucarestiaFonteDiOgniBenedizione.docx","L'Eucarestia: fonte di ogni benedizione",2004,"Suore","ESERCIZI ESPIRITUALI SUORE\\BENEDIZIONE_2004","http://NA","Mt","14,22-24","Benedizione"
102,"Mc14_32-42_AbbaPadre.docx","Abba Padre",1999,"Tutti","lectio 99 -2000","http://NA","Mc","14,32-42","N/A"
103,"Mc2_18-22_PregarePresenzaSposoVinoNuovoOtriNuovi.docx","Pregare alla presenza dello sposo con vino nuovo in otri nuovi","N/A","Tutti","altre_lectio","http://NA","Mc","2,18-22","N/A"
104,"Mc3_13-19_LiChiamoPerStareConLuiPredicareLiberare.docx","Li chiamò perché stessero con lui e per mandarli a predicare e liberare","N/A","Tutti","Dimorare","http://NA","Mc","3,13-19","Dimorare"
105,"Mc3_7-19_ChiamoNeFeceDodiciEssereConLuiInviarli.docx","Li chiamò e ne fece dodici per essere con Lui e per inviarli","N/A","Tutti","Dimorare","http://NA","Mc","3,7-19","Dimorare"
106,"Mc7_14-23_IlCuoreLuogoDellAmbiguita.docx","Il cuore: luogo dell'am biguità",1997,"Suore","ESERCIZI ESPIRITUALI SUORE\\Ritorniamo_al_cuore","http://NA","Mc","7,14-23","Ritorniamo al cuore"
107,"Mc8_27-30_MaVoiChiDiteCheIoSia.docx","Ma voi chi dite che io sia?",2007,"Laici","Lectio 2007-2008 Laici  Gesù Il grande provocartore","http://NA","Mc","8,27-30","Gesù il grande provocatore"
108,"Mt11_16-19_RispostaScontentoEndemico.docx","C’è una risposta allo scontento endemico?","N/A","Tutti","altre_lectio","http://NA","Mt","11,16-19","N/A"
109,"Mt11_25-30_IlSegretoDelCuoreLibero.docx","Il segreto del cuore libero",1997,"Suore","ESERCIZI ESPIRITUALI SUORE\\Ritorniamo_al_cuore","http://NA","Mt","11,25-30","Ritorniamo al cuore"
110,"Mt12_9-21_GesuIlServoPienoDiSpiritoSanto.docx","Gesù: il servo pieno di Spirito Santo",1997,"Suore","ESERCIZI ESPIRITUALI SUORE\\LO_SPIRITO_SANTO","http://NA","Mt","12,9-21","Lo Spirito Santo"
111,"Mt20_29__20_34_CheVoleteCheFacciaPerVoi.docx","Che volete che io faccia per voi?",2007,"Laici","Lectio 2007-2008 Laici  Gesù Il grande provocartore","http://NA","Mt","20,29","Gesù il grande provocatore"
112,"Mt20_29__20_34_CheVoleteCheFacciaPerVoi.docx","Che volete che io faccia per voi?",2007,"Laici","Lectio 2007-2008 Laici  Gesù Il grande provocartore","http://NA","Mt","20,34","Gesù il grande provocatore"
113,"Mt21_23-27_BattesimoGiovanniVenivaDalCieloO_Uomini.docx","Il battesimo di Giovanni da dove veniva? Dal cielo o dagli uomini?",2008,"Laici","Lectio 2007-2008 Laici  Gesù Il grande provocartore","http://NA","Mt","21,23-27","Gesù il grande provocatore"
114,"Mt22_34-40_AmeraiIlSignoreDioTuoConTuttoIlTuoCuore.docx","Amerai il Signore Dio tuo con tutto il tuo cuore",1997,"Suore","ESERCIZI ESPIRITUALI SUORE\\Ritorniamo_al_cuore","http://NA","Mt","22,34-40","Ritorniamo al cuore"
115,"Mt26_36-41_NonSieteRiuscitiVegliareNeppureUnOra.docx","Non sieti riusciti a vegliare neppure un'ora.",2008,"Laici","Lectio 2007-2008 Laici  Gesù Il grande provocartore","http://NA","Mt","26,36-41","Gesù il grande provocatore"
116,"Mt28_16-20_AndateInTuttoIlMondo.docx","Andate in tutto il mondo",1999,"Tutti","lectio 99 -2000","http://NA","Mt","28,16-20","N/A"
117,"Mt5_1-10_EssereBeatiInGesuAvereDareAcquaViva.docx","Essere beati in Gesù, avere e dare acqua viva","N/A","Tutti","Beatitudini","http://NA","Mt","5,1-10","Beatitudini"
118,"Mt5_3_BeatiPoveriInSpiritoPercheDiEssiE_IlRegnoDeiCieli.docx","Beati i poveri in spirito perché di essi è il Regno dei cieli",2001,"Suore","ESERCIZI ESPIRITUALI SUORE\\beatitudini_2001","http://NA","Mt","5,3","Beatitudini"
119,"Mt5_3_BeatiPoveriSpirito.docx","Beati i poveri in spirito","N/A","Tutti","Beatitudini","http://NA","Mt","5,3","Beatitudini"
120,"Mt5_4_BeatiAfflittiSarannoConsolati.docx","Beati gli afflitti perché saranno consolati","N/A","Tutti","Beatitudini","http://NA","Mt","5,4","Beatitudini"
121,"Mt5_4_BeatiGliAfflittiPercheSarannoConsolati.docx","Beati gli afflitti perché saranno consolati",2001,"Suore","ESERCIZI ESPIRITUALI SUORE\\beatitudini_2001","http://NA","Mt","5,4","Beatitudini"
122,"Mt5_5_BeatiMitiErediterannoTerra.docx","Beati i miti perché erediteranno la terra","N/A","Tutti","Beatitudini","http://NA","Mt","5,5","Beatitudini"
123,"Mt5_5_BeatiMitiPercheErediterannoLaTerra.docx","Beati i miti perché erediteranno la terra",2001,"Suore","ESERCIZI ESPIRITUALI SUORE\\beatitudini_2001","http://NA","Mt","5,5","Beatitudini"
124,"Mt5_6_BeatiQuelliCheHannoFameSeteDellaGiustiziaPercheSarannoSaziati.docx","Beati quelli che hanno fame e sete della giustizia perché saranno saziati",2001,"Suore","ESERCIZI ESPIRITUALI SUORE\\beatitudini_2001","http://NA","Mt","5,6","Beatitudini"
125,"Mt5_7_BeatiMisericordiosiPercheTroverannoMisericordia.docx","Beati i misericordiosi perché troveranno misericordia",2001,"Suore","ESERCIZI ESPIRITUALI SUORE\\beatitudini_2001","http://NA","Mt","5,7","Beatitudini"
126,"Mt6_5-8_PreghieraComeFattoD_Interiorita.docx","Preghiera come fatto d'interiorità",2002,"Suore","ESERCIZI ESPIRITUALI SUORE\\Pregare_per_vivere_2002","http://NA","Mt","6,5-8","Pregare per vivere"
127,"Nm14_15b-17_AdOgniCostoLaBenedizione.docx","Ad ogni costo la benedizione",2004,"Suore","ESERCIZI ESPIRITUALI SUORE\\BENEDIZIONE_2004","http://NA","Nm","14,15b-17","Benedizione"
128,"Os2_16-22_ParleroAlCuore.docx","Parlerò al cuore",1997,"Suore","ESERCIZI ESPIRITUALI SUORE\\Ritorniamo_al_cuore","http://NA","Os","2,16-22","Ritorniamo al cuore"
129,"PregarePerVivere_Conclusione.docx","Conclusione",2002,"Suore","ESERCIZI ESPIRITUALI SUORE\\Pregare_per_vivere_2002","http://NA","N/A","N/A","Pregare per vivere"
130,"PregarePerVivere_Introduzione.docx","Introduzione",2002,"Suore","ESERCIZI ESPIRITUALI SUORE\\Pregare_per_vivere_2002","http://NA","N/A","N/A","Pregare per vivere"
131,"RitorniamoAlCuore_Conclusione.docx","Conclusione",1997,"Suore","ESERCIZI ESPIRITUALI SUORE\\Ritorniamo_al_cuore","http://NA","N/A","N/A","Ritorniamo al cuore"
132,"RitorniamoAlCuore_Introduzione.docx","Introduzione",1997,"Suore","ESERCIZI ESPIRITUALI SUORE\\Ritorniamo_al_cuore","http://NA","N/A","N/A","Ritorniamo al cuore"
133,"Rm8_5-9__8_12-14_UnaVitaGuidataDalloSpirito.docx","Una vita guidata dallo Spirito",1994,"Suore","ESERCIZI ESPIRITUALI SUORE\\Esercizi_Lo_Spirito _anto_nella_nostra_vita","http://NA","Rm","8,12-14","Lo Spirito Santo nella nostra vita"
134,"Rm8_5-9__8_12-14_UnaVitaGuidataDalloSpirito.docx","Una vita guidata dallo Spirito",1994,"Suore","ESERCIZI ESPIRITUALI SUORE\\Esercizi_Lo_Spirito _anto_nella_nostra_vita","http://NA","Rm","8,5-9","Lo Spirito Santo nella nostra vita"
135,"Sal42__43_PreghieraDisagioEsistenziale.docx","Preghiera e disagio esistenziale",2001,"Tutti","Lectio SALMI","http://NA","Sal","42-43","Salmi"
136,"SpiritoSantoNellaNostraVita_Conclusioni.docx","Conclusioni",1994,"Suore","ESERCIZI ESPIRITUALI SUORE\\Esercizi_Lo_Spirito _anto_nella_nostra_vita","http://NA","N/A","N/A","Lo Spirito Santo nella nostra vita"
137,"SpiritoSantoNellaNostraVita_Introduzione.docx","Introduzione",1994,"Suore","ESERCIZI ESPIRITUALI SUORE\\Esercizi_Lo_Spirito _anto_nella_nostra_vita","http://NA","N/A","N/A","Lo Spirito Santo nella nostra vita"
138,"Zac1_7-17_SignoreChiama.docx","Il Signore chiama","N/A","Tutti","altre_lectio","http://NA","Zc","1,7-17","N/A"
139,"Zac2_1-17_SignoreGuidaStoriaVuoleSalvezza.docx","Il Signore guida la storia e vuole la salvezza","N/A","Tutti","altre_lectio","http://NA","Zc","2,1-17","N/A"
